https://www.ssbwiki.com/images/thumb/4/44/Mario_SSBU.png/375px-Mario_SSBU.png
https://www.ssbwiki.com/images/thumb/8/84/Link_SSBU.png/375px-Link_SSBU.png
https://www.ssbwiki.com/images/thumb/c/c9/Donkey_Kong_SSBU.png/375px-Donkey_Kong_SSBU.png
https://www.ssbwiki.com/images/thumb/0/03/Samus_SSBU.png/375px-Samus_SSBU.png
https://www.ssbwiki.com/images/thumb/8/8d/Yoshi_SSBU.png/375px-Yoshi_SSBU.png
https://www.ssbwiki.com/images/thumb/0/07/Kirby_SSBU.png/375px-Kirby_SSBU.png
https://www.ssbwiki.com/images/thumb/2/2f/Fox_SSBU.png/375px-Fox_SSBU.png
https://www.ssbwiki.com/images/thumb/9/93/Pikachu_SSBU.png/375px-Pikachu_SSBU.png
https://www.ssbwiki.com/images/thumb/b/bb/Luigi_SSBU.png/375px-Luigi_SSBU.png
https://www.ssbwiki.com/images/thumb/8/82/Ness_SSBU.png/375px-Ness_SSBU.png
https://www.ssbwiki.com/images/thumb/d/da/Captain_Falcon_SSBU.png/375px-Captain_Falcon_SSBU.png
https://www.ssbwiki.com/images/thumb/6/6a/Jigglypuff_SSBU.png/375px-Jigglypuff_SSBU.png
https://www.ssbwiki.com/images/thumb/7/74/Peach_SSBU.png/375px-Peach_SSBU.png
https://www.ssbwiki.com/images/thumb/4/49/Bowser_SSBU.png/375px-Bowser_SSBU.png
https://www.ssbwiki.com/images/thumb/1/12/Ice_Climbers_SSBU.png/375px-Ice_Climbers_SSBU.png
https://www.ssbwiki.com/images/thumb/0/00/Sheik_SSBU.png/375px-Sheik_SSBU.png
https://www.ssbwiki.com/images/thumb/c/c8/Zelda_SSBU.png/375px-Zelda_SSBU.png
https://www.ssbwiki.com/images/thumb/3/3f/Dr._Mario_SSBU.png/375px-Dr._Mario_SSBU.png
https://www.ssbwiki.com/images/thumb/c/c1/Pichu_SSBU.png/375px-Pichu_SSBU.png
https://www.ssbwiki.com/images/thumb/8/80/Falco_SSBU.png/375px-Falco_SSBU.png
https://www.ssbwiki.com/images/thumb/e/e9/Marth_SSBU.png/375px-Marth_SSBU.png
https://www.ssbwiki.com/images/thumb/8/8a/Young_Link_SSBU.png/375px-Young_Link_SSBU.png
https://www.ssbwiki.com/images/thumb/9/91/Ganondorf_SSBU.png/375px-Ganondorf_SSBU.png
https://www.ssbwiki.com/images/thumb/d/de/Mewtwo_SSBU.png/375px-Mewtwo_SSBU.png
https://www.ssbwiki.com/images/thumb/9/9d/Roy_SSBU.png/375px-Roy_SSBU.png
https://www.ssbwiki.com/images/thumb/c/cb/Mr._Game_%26_Watch_SSBU.png/375px-Mr._Game_%26_Watch_SSBU.png
https://www.ssbwiki.com/images/thumb/0/00/Meta_Knight_SSBU.png/375px-Meta_Knight_SSBU.png
https://www.ssbwiki.com/images/thumb/3/38/Pit_SSBU.png/375px-Pit_SSBU.png
https://www.ssbwiki.com/images/thumb/f/f0/Zero_Suit_Samus_SSBU.png/375px-Zero_Suit_Samus_SSBU.png
https://www.ssbwiki.com/images/thumb/0/04/Wario_SSBU.png/375px-Wario_SSBU.png
https://www.ssbwiki.com/images/thumb/0/02/Snake_SSBU.png/375px-Snake_SSBU.png
https://www.ssbwiki.com/images/thumb/8/86/Ike_SSBU.png/375px-Ike_SSBU.png
https://www.ssbwiki.com/images/thumb/7/79/Squirtle_SSBU.png/375px-Squirtle_SSBU.png
https://www.ssbwiki.com/images/thumb/5/52/Ivysaur_SSBU.png/375px-Ivysaur_SSBU.png
https://www.ssbwiki.com/images/thumb/2/21/Charizard_SSBU.png/375px-Charizard_SSBU.png
https://www.ssbwiki.com/images/thumb/a/a7/Diddy_Kong_SSBU.png/375px-Diddy_Kong_SSBU.png
https://www.ssbwiki.com/images/thumb/8/81/Lucas_SSBU.png/375px-Lucas_SSBU.png
https://www.ssbwiki.com/images/thumb/b/ba/Sonic_SSBU.png/381px-Sonic_SSBU.png
https://www.ssbwiki.com/images/thumb/f/f5/King_Dedede_SSBU.png/375px-King_Dedede_SSBU.png
https://www.ssbwiki.com/images/thumb/b/b3/Olimar_SSBU.png/375px-Olimar_SSBU.png
https://www.ssbwiki.com/images/thumb/0/08/Lucario_SSBU.png/375px-Lucario_SSBU.png
https://www.ssbwiki.com/images/thumb/6/60/R.O.B._SSBU.png/375px-R.O.B._SSBU.png
https://www.ssbwiki.com/images/thumb/5/56/Toon_Link_SSBU.png/375px-Toon_Link_SSBU.png
https://www.ssbwiki.com/images/thumb/8/8a/Wolf_SSBU.png/375px-Wolf_SSBU.png
https://www.ssbwiki.com/images/thumb/a/ac/Villager_SSBU.png/360px-Villager_SSBU.png
https://www.ssbwiki.com/images/thumb/4/46/Mega_Man_SSBU.png/375px-Mega_Man_SSBU.png
https://www.ssbwiki.com/images/thumb/f/ff/Wii_Fit_Trainer_SSBU.png/375px-Wii_Fit_Trainer_SSBU.png
https://www.ssbwiki.com/images/thumb/1/16/Rosalina_%26_Luma_SSBU.png/375px-Rosalina_%26_Luma_SSBU.png
https://www.ssbwiki.com/images/thumb/5/53/Little_Mac_SSBU.png/375px-Little_Mac_SSBU.png
https://www.ssbwiki.com/images/thumb/d/da/Greninja_SSBU.png/375px-Greninja_SSBU.png
https://www.ssbwiki.com/images/thumb/e/e4/Mii_Brawler_SSBU.png/375px-Mii_Brawler_SSBU.png
https://www.ssbwiki.com/images/thumb/f/fa/Mii_Swordfighter_SSBU.png/375px-Mii_Swordfighter_SSBU.png
https://www.ssbwiki.com/images/thumb/e/e5/Mii_Gunner_SSBU.png/375px-Mii_Gunner_SSBU.png
https://www.ssbwiki.com/images/thumb/6/6b/Palutena_SSBU.png/375px-Palutena_SSBU.png
https://www.ssbwiki.com/images/thumb/0/03/Pac-Man_SSBU.png/375px-Pac-Man_SSBU.png
https://www.ssbwiki.com/images/thumb/8/82/Robin_SSBU.png/375px-Robin_SSBU.png
https://www.ssbwiki.com/images/thumb/0/0f/Shulk_SSBU.png/375px-Shulk_SSBU.png
https://www.ssbwiki.com/images/thumb/2/2b/Bowser_Jr._SSBU.png/405px-Bowser_Jr._SSBU.png
https://www.ssbwiki.com/images/thumb/d/d8/Duck_Hunt_SSBU.png/375px-Duck_Hunt_SSBU.png
https://www.ssbwiki.com/images/thumb/6/61/Ryu_SSBU.png/375px-Ryu_SSBU.png
https://www.ssbwiki.com/images/thumb/b/b3/Cloud_SSBU.png/375px-Cloud_SSBU.png
https://www.ssbwiki.com/images/thumb/c/c4/Corrin_SSBU.png/375px-Corrin_SSBU.png
https://www.ssbwiki.com/images/thumb/7/7c/Bayonetta_SSBU.png/360px-Bayonetta_SSBU.png
https://www.ssbwiki.com/images/thumb/2/2e/Inkling_SSBU.png/362px-Inkling_SSBU.png
https://www.ssbwiki.com/images/thumb/2/27/Ridley_SSBU.png/375px-Ridley_SSBU.png
https://www.ssbwiki.com/images/thumb/9/95/Simon_SSBU.png/375px-Simon_SSBU.png
https://www.ssbwiki.com/images/thumb/b/b6/King_K._Rool_SSBU.png/375px-King_K._Rool_SSBU.png
https://www.ssbwiki.com/images/thumb/2/2b/Isabelle_SSBU.png/360px-Isabelle_SSBU.png
https://www.ssbwiki.com/images/thumb/c/c4/Incineroar_SSBU.png/375px-Incineroar_SSBU.png
https://www.ssbwiki.com/images/thumb/f/f0/Piranha_Plant_SSBU.png/375px-Piranha_Plant_SSBU.png
https://www.ssbwiki.com/images/thumb/5/5c/Joker_SSBU.png/375px-Joker_SSBU.png
https://www.ssbwiki.com/images/thumb/0/07/Hero_SSBU.png/375px-Hero_SSBU.png
https://www.ssbwiki.com/images/thumb/9/97/Banjo_%26_Kazooie_SSBU.png/375px-Banjo_%26_Kazooie_SSBU.png
https://www.ssbwiki.com/images/thumb/f/f5/Terry_SSBU.png/375px-Terry_SSBU.png
https://www.ssbwiki.com/images/thumb/3/3d/Byleth_SSBU.png/375px-Byleth_SSBU.png
https://www.ssbwiki.com/images/thumb/3/35/Min_Min_SSBU.png/375px-Min_Min_SSBU.png
https://www.ssbwiki.com/images/thumb/3/3a/Steve_SSBU.png/375px-Steve_SSBU.png